Variable,Individualism (Minkov-Hofstede),Individualism (Beugelsdijk & Welzel),Self-expression values (Inglehart),Emancipative values (Welzel),Autonomy (Schwartz),Individualism (Hofstede)
Individualism (Minkov-Hofstede),1,0.8954996636659828,0.7521633852548233,0.8435029947472396,0.8994822431550621,0.7834541216309258
Individualism (Beugelsdijk & Welzel),0.8954996636659828,1,0.8669973097581215,0.9144089415986821,0.8486770949379865,0.7699848576210843
Self-expression values (Inglehart),0.7521633852548233,0.8669973097581215,1,0.8762043097165647,0.7917435846141078,0.7545583072311596
Emancipative values (Welzel),0.8435029947472396,0.9144089415986821,0.8762043097165647,1,0.8380861944199726,0.6826210086893693
Autonomy (Schwartz),0.8994822431550621,0.8486770949379865,0.7917435846141078,0.8380861944199726,1,0.7006320519876004
Individualism (Hofstede),0.7834541216309258,0.7699848576210843,0.7545583072311596,0.6826210086893693,0.7006320519876004,1
